FullName;NickName;RelationID;Phone;Email;Address;Birthday
Kenyon R. Barr;;4;471-0872;molestie.dapibus.ligula@inaliquet.co.uk;P.O. Box 750, 1895 Cursus Rd., UK;10.08.1982
Kennedy Smith;Kenny;3;958-4439;Morbi.quis.urna@massaSuspendisse.ca;P.O. Box 274, 6479 Fringilla Ave, UK;28.05.2000
Bobby I. Acevedo;;7;662-9879;odio.a.purus@malesuada.co.uk;P.O. Box 981, 3623 Leo Ave, UK;10.11.1967
James Doe;Dad;1;782-2803;lobortis.quis@faucibus.org;800-1054 Amet, Avenue, UK;24.02.1970
Rafael Q. Sanchez;;7;1-422-327-4695;tincidunt@tortorIntegeraliquam.edu;209-4073 Orci Street, Signeulx, UK;13.03.2001
Briar C. Mcdowell;;5;1-846-715-8417;amet.diam.eu@sedfacilisis.org;254-806 Purus. Street, Pierrefonds, UK;29.08.1987
Jennifer Doe;Jen;1;1-877-999-5535;libero.Proin@ut.net;4146 Sagittis Rd., Kalyan, UK;06.06.2005
Hector D. Rocha;;4;937-3313;Donec.porttitor@interdumCurabitur.ca;748 Tristique St., Kurnool, UK;06.06.1986
Clio B. Lynch;;7;260-6482;at.pretium.aliquet@semNulla.net;P.O. Box 369, 3159 Tincidunt Avenue, UK;13.07.1998
Brian F. Stafford;;7;1-633-633-5185;egestas@fermentumrisusat.com;Ap #743-6191 Pellentesque. Avenue, Rae Bareli, UK;26.02.1977
James Doe Jr.;Jamie;1;904-9647;auctor.odio@atliberoMorbi.edu;P.O. Box 843, 6071 Sed Street, UK;13.03.2006
Ryan J. Gibbs;;7;998-4991;ac.facilisis@venenatisvelfaucibus.co.uk;464-3349 Lacinia St., Castel San Niccolò, UK;09.12.1994
Viktoria R. Frost;;7;1-946-370-3151;neque.vitae@nequevenenatislacus.co.uk;Ap #738-2123 Nullam St., Gladstone, UK;10.03.1972
Akeem L. Burgess;;7;1-850-770-6576;Nunc.ac@tempusmauris.edu;9806 Nec St., Koningshooikt, France;02.03.1994
Charles Smith;Charlie;2;741-6370;diam.eu@velnisl.org;915-457 Netus Road, Redcliffe, France;29.01.1996
Igor A. Young;;6;242-0346;lorem.vitae.odio@accumsansedfacilisis.edu;Ap #376-2434 Tellus. Rd., Goiânia, France;01.10.1958
Dr. Elton V. Sampson;;8;1-189-134-7796;feugiat.tellus@famesac.ca;308-1794 Cras St., Schulen, France;21.08.1956
Hektor B. Butler;;5;627-0778;fermentum@auctorvitae.org;2007 Arcu. Avenue, Ulsan, France;17.10.1987
Patrick Doe;Pat;1;1-693-916-5954;mollis.nec@ac.com;567-8564 Iaculis St., Vellore, Bangladesh;26.09.2003
Alexander Smith;Alex;2;1-492-566-0399;Aliquam.ornare.libero@odiovelest.com;975-8093 Porta Rd., Margate, Bangladesh;06.01.2003
Davis Z. Albert;;7;1-766-457-4656;blandit.mattis@mauris.edu;P.O. Box 278, 5595 Neque. Street, Bangladesh;27.01.1978
Birane U. Grant;Bri;7;1-820-308-6096;dolor.sit@faucibusorci.ca;Ap #391-8906 Tincidunt St., Allumiere, Bangladesh;01.01.1996
Jake K. Evans;;7;1-313-709-9601;et.commodo@dolorFuscefeugiat.com;545 Ornare Ave, Spresiano, Bangladesh;26.02.1979
Evelyn Smith;;2;1-188-439-1406;netus@diamProindolor.co.uk;P.O. Box 952, 7429 Condimentum St., Bangladesh;04.08.1998
Viktor O. Lane;;5;549-3482;sem.Nulla@Mauris.net;3162 Mi St., Moose Jaw, Germany;05.04.1991
Axel E. Wilkins;Ax;6;1-585-241-5472;nec@Proinnonmassa.co.uk;5315 Et, Ave, Germany;12.02.1964
Karl R. Larsen;;4;772-2369;mi.Duis.risus@magnis.co.uk;Ap #221-1393 Erat. Street, Gatchina, Germany;19.01.1983
Dr. Luke U. Bender;;8;1-333-862-1370;feugiat.Sed@Maecenas.com;518-7460 Enim Avenue, Langley, Germany;15.08.1950
Joel M. Marquez;Joe;7;1-608-656-4138;Curabitur@aliquetProin.edu;Ap #130-4320 Metus Ave, North Cowichan, Germany;06.01.1975
Caesar G. Ellison;;6;1-893-434-7833;primis.in@mienimcondimentum.org;Ap #674-4921 Nisl Road, Gander, Germany;18.02.1962
Dr. Derek P. Howe;;8;1-449-461-5937;consequat.dolor.vitae@ascelerisquesed.co.uk;Ap #818-7235 Natoque Ave, Nethen, Germany;18.12.1948
Maryam E. Hubbard;;5;1-512-560-4485;imperdiet.non@Nuncac.edu;4939 Mollis Street, Toledo, Germany;07.01.1988
Lois U. Suarez;;7;247-9217;nec.tempus@molestieSed.com;Ap #135-7200 Malesuada Street, Caen, Ireland;10.07.1977
Trevor Y. Maynard;;7;693-7705;Suspendisse@elit.com;782-6689 Risus Road, Korocha, Ireland;20.05.1997
Len X. Jackson;;7;853-4132;ornare.Fusce@magnatellus.co.uk;561-2542 Dictum Rd., Toledo, Ireland;10.03.1978
Zara W. Glass;;7;460-1914;et.rutrum@nibh.com;598-8105 Non Rd., Trivandrum, Ireland;12.03.2000
Raphael F. Hodge;Raff;7;465-5117;nulla@quis.ca;Ap #684-7121 Aliquam St., Vietri di Potenza, New Zealand;04.11.1980
Joane Doe;Mom;1;1-369-716-2137;a.feugiat@quamPellentesque.edu;P.O. Box 564, 1935 Sed Rd., New Zealand;09.09.1968
Rob V. Stevens;;7;951-2263;id@Donec.net;Ap #448-9797 Nunc Rd., Delhi, New Zealand;12.10.1997
Marie V. Reed;;7;244-9857;pellentesque.Sed@Duis.co.uk;8808 Amet, Rd., New Zealand;21.08.1992
Dr. Cheyenne E. Castillo;;8;660-9988;enim.condimentum@eu.ca;P.O. Box 190, 8599 Ullamcorper Road, New Zealand;25.11.1951
Ishak D. Conner;;7;498-8931;nec.ante@risusodioauctor.co.uk;3699 Enim. St., Montes Claros, Canada;03.06.1968
Lillian E. Lowery;;7;664-6092;vitae@magnaUt.edu;P.O. Box 330, 6451 Nisi. Road, Canada;22.04.1975
Carlos Andrews;;7;919-1496;sed.dolor.Fusce@semegestas.ca;732-2093 Sed Street, Sète, Canada;04.12.1998
Dr. Lysandra U. Ayers;;8;803-4704;eros.nec.tellus@mattisCraseget.ca;138-7886 Ligula. Street, Fraser-Fort George, Canada;09.04.1951
Acton X. Church;;7;1-215-328-6109;magna@lacus.net;Ap #134-6867 Neque. Rd., Foligno, Netherlands;19.05.1977
Jakob C. Knowles;;6;920-7087;ultricies@esttempor.org;Ap #235-2836 Risus. Rd., Canterbury, Netherlands;05.12.1963
Kitra L. Giles;;7;957-3222;dictum@augueporttitorinterdum.org;4458 Egestas. Ave, Armo, Netherlands;10.03.1995
Leigh Smith;;2;474-3758;tempor@metus.org;Ap #568-5169 Parturient Street, Bundaberg, Brazil;10.11.2002
Meredy U. Short;Oktopus;3;1-161-107-4746;pharetra@placerateget.org;P.O. Box 532, 6246 Nec Rd., Brazil;17.04.1993
Asher M. Bryan;Ash;3;1-886-571-3386;nulla@in.org;P.O. Box 345, 5804 Mus. Av., Brazil;12.01.1960
Sage H. Good;;6;427-3262;et@Duis.com;P.O. Box 886, 9973 Ornare St., Brazil;02.03.1965
Adam S. Horn;;7;1-216-448-4057;gravida@quisdiam.com;Ap #389-4186 Lacus. Ave, Whitchurch-Stouffville, Brazil;01.05.1999
Mary M. Morrow;;7;1-544-769-8516;leo.Vivamus.nibh@Crassedleo.org;P.O. Box 664, 533 Ligula St., Brazil;07.02.1978
Aidan S. Horn;;7;1-840-493-8210;sed.turpis.nec@arcu.ca;366-761 Quis Street, Molenbeersel, Netherlands;25.06.1978
Stewart L. Fields;;6;862-1692;sodales.elit@nondapibus.edu;6530 Diam Rd., Meldert, Netherlands;23.05.1961
Miriam W. Graves;;6;982-2761;vitae.diam.Proin@gravidaAliquam.net;P.O. Box 928, 6070 Conubia St., Germany;02.04.1964
Sara U. Valencia;;5;1-347-242-3579;tempus.mauris.erat@sem.com;3649 Vulputate Road, Corroy-le-Grand, Germany;13.11.1989
Carlisle B. Dotson;;5;1-571-142-0347;volutpat.ornare@Proinvelarcu.edu;2134 Donec Ave, Solesino, Austria;31.07.1987
Dr. Imani Y. Phelps;;8;1-212-232-5178;purus@semsemper.co.uk;9642 Neque Av., Milford Haven, Austria;12.07.1950
Charly M. Long;;5;1-942-882-8756;Donec.luctus@Pellentesquehabitant.net;1145 Blandit Rd., Newtown, Germany;10.01.1989
Patricia Doe;Auntie Patty;2;1-912-484-7387;eu@sedpedenec.org;Ap #868-1491 Aliquet Rd., Bandırma, Germany;29.10.1974
Roberta Doe;Grandma;1;864-6590;metus.In.lorem@utmi.edu;P.O. Box 459, 2981 Diam Avenue, Germany;11.12.1948
Joseph A. Mcgowan;;6;1-246-688-9350;vitae.orci.Phasellus@rhoncusProinnisl.ca;564-8339 Nonummy. Street, Beersel, Germany;07.02.1957
Rupert Doe;Grandpa;1;1-916-275-4485;at@sitametdiam.net;8216 Metus Rd., Bareilly, Germany;19.04.1948
Charlotta Z. Sherman;;6;873-5688;at.augue@maurissagittisplacerat.org;P.O. Box 995, 610 Ac Ave, Austria;30.01.1962
Meredith R. Mckay;;4;121-5078;eu.eleifend@liberomaurisaliquam.ca;9438 Faucibus Avenue, Rollegem, Germany;28.08.1986
Blossom M. Hopper;;7;1-589-101-5363;auctor@feugiat.ca;Ap #596-2384 Purus. Av., Rocca di Cambio, Germany;18.04.1976
Harlan H. Ward;;6;831-5354;Proin.non@eros.org;P.O. Box 911, 5911 Diam Avenue, Germany;05.07.1962
Barry X. Wolfe;;5;1-274-554-8668;eleifend@ridiculus.edu;P.O. Box 733, 7593 Ullamcorper Ave, Germany;20.11.1989
Hadassah I. Shepherd;;5;1-622-740-7489;eu.augue.porttitor@Donec.com;P.O. Box 822, 8844 Suspendisse Rd., Germany;11.04.1992
Galvin N. Harrell;;7;1-413-494-6485;a.facilisis@in.ca;P.O. Box 670, 3959 Tristique Av., Germany;16.07.1982
Adara D. Copeland;;6;1-707-753-6160;sed.orci@ligulaAliquam.net;P.O. Box 713, 1105 Parturient St., Germany;15.10.1958
Dr. Galena G. Garcia;;8;1-959-367-5775;at.pretium@pede.net;P.O. Box 888, 3713 Lorem, Germany;13.12.1950
John Doe;Johnny;1;1-824-719-2723;enim.Nunc@etlibero.org;4179 Euismod Av., Podolsk, Germany;02.06.2006
Robert H. Wynn;Rob;6;745-4132;eros@Phasellusdolor.net;Ap #656-6661 Mollis Rd., Neufeld an der Leitha, Germany;30.11.1963
Hyacinth V. Garcia;;6;403-6657;pede.et@ligulaAeneangravida.com;Ap #318-2211 Commodo Rd., Rothesay, Germany;15.08.1962
Miryam K. Briggs;;7;1-386-647-5619;molestie.tortor.nibh@commodo.net;Ap #369-2377 Consectetuer Ave, Kiel, Germany;07.05.1977
Jacob J. Webster;Jake;6;1-850-893-9946;nulla.at.sem@egestasSedpharetra.edu;Ap #365-252 Enim, Avenue, Germany;05.03.1963
Sarah Z. Conway;;7;1-411-788-3762;adipiscing@euismod.org;374-8871 Mi Rd., Temse, USA;28.11.1980
Dr. Winifred X. Brennan;;8;1-857-961-7532;lectus.pede@musAenean.ca;672-8963 Magna Rd., Arica, USA;27.06.1953
Yakob J. Fulton;;6;891-3938;quis.accumsan@pellentesquetellus.net;901-9635 Nunc Street, Springfield, USA;14.12.1956
Victoria V. Gilmore;Vicky;4;411-6049;id.blandit@mi.net;P.O. Box 636, 6270 Dapibus Ave, USA;02.05.1986
Desiree Z. Fuentes;;7;475-1390;erat.nonummy.ultricies@orci.edu;1081 Tempor Rd., Semarang, USA;30.09.1965
Fay D. Ellis;;7;159-5481;urna.Nullam.lobortis@odio.org;325-3744 Faucibus Street, Kolmont, USA;27.08.1978
Gretchen L. Mann;Gretch;7;356-5031;nonummy.Fusce.fermentum@ipsumPhasellusvitae.org;Ap #857-4907 Nunc Rd., Lloydminster, USA;29.04.2001
Rooney G. Aguirre;;7;1-415-524-1120;tincidunt.nibh.Phasellus@NullafacilisiSed.org;Ap #789-3099 Aliquam Avenue, Lockerbie, USA;26.04.1980
Pat Baldwin;;7;1-629-112-2007;sit.amet.lorem@Maurisblanditenim.org;6121 Orci. Ave, Béziers, USA;20.06.1974
Patrizia Q. May;Porty;3;694-9571;sem.ut.dolor@dolor.co.uk;1833 Placerat, Av., USA;15.03.1983
Beatrice P. Hensley;;4;625-6784;elit@Suspendisse.ca;6919 Consequat Ave, Smoky Lake, USA;25.12.1984
Victor Q. Whitehead;;7;1-182-906-5971;viverra.Donec@hendreritconsectetuer.edu;Ap #236-9192 Quisque St., Cheltenham, USA;19.01.1966
Charlotte C. Paul;Charlie;6;1-720-431-2307;libero@magnaSuspendissetristique.ca;Ap #561-9832 Et Street, Loppem, USA;13.04.1958
Raya M. King;;4;1-545-373-7032;nec@Nunc.co.uk;2237 Et Av., Dzerzhinsky, USA;18.06.1984
Ferris B. Chase;;5;1-217-901-7111;Aliquam@ascelerisque.com;Ap #326-4004 Est. St., Gunpo, USA;26.07.1992
Isaac A. Ashley;;7;901-2617;metus.vitae.velit@eu.edu;3130 Velit. Rd., Bella, USA;21.10.1995
Craig R. Jacobs;;6;1-380-934-4256;cursus@consectetuereuismod.com;9411 Ultricies Avenue, Munich, USA;14.09.1958
Bob Doe;Uncle Bobby;2;1-946-596-0349;diam.Pellentesque@orci.org;P.O. Box 677, 3638 Amet Av., USA;25.10.1974
Rae S. Carr;;4;1-106-466-3540;Proin.vel.nisl@quisurnaNunc.net;P.O. Box 625, 3879 In Av., USA;23.11.1982
Charlie C. Boyle;;5;1-120-228-0978;lectus@blanditcongue.net;922-8416 Dapibus Street, Sart-Eustache, USA;01.02.1992
Egor U. Powers;;7;333-6618;In.at.pede@Namacnulla.org;Ap #108-3110 Donec Rd., Madiun, USA;04.02.1971
